# Domain Level Redirects
http://support.rackspace.com/*   http://docs.rackspace.com/support/:splat  301!
https://support.rackspace.com/*   https://docs.rackspace.com/support/:splat  301!
https://www.support.rackspace.com/*  https://docs.rackspace.com/support/:splat  301!

http://developer.rackspace.com/*   http://docs.rackspace.com/:splat  301!
https://developer.rackspace.com/*   https://docs.rackspace.com/:splat  301!

/blog/*     https://docs-technical-blog.netlify.app/blog/:splat  200!
/support/*  https://docs-support-how-to.netlify.app/support/:splat  200!

# Solution Docs Redirects
/docs   https://solution-docs-homepage.netlify.app/     200

# Portal Onboarding guide Redirects
/docs/portal-onboarding-guide/      https://docs-portal-onboarding-guide.netlify.app/docs/portal-onboarding-guide/               200
/docs/portal-onboarding-guide/*      https://docs-portal-onboarding-guide.netlify.app/docs/portal-onboarding-guide/:splat         200

# Service Blocks Redirects
/docs/service-blocks      https://docs-service-blocks.netlify.app/docs/service-blocks/      200
/docs/service-blocks/*      https://docs-service-blocks.netlify.app/docs/service-blocks/:splat      200

# AWS Redirects
/docs/fanatical-support-aws/    https://docs-aws.netlify.app/docs/fanatical-support-aws/    200
/docs/fanatical-support-aws/*    https://docs-aws.netlify.app/docs/fanatical-support-aws/:splat    200

# Main Redirects
/docs/*     https://api.rackspace.com/docs/:splat      200